Hyder,
Chignik Lagoon,
Koyuk,
Kivalina,
Ketchikan Harbor,
Metlakatla,
Waterfall,
Ketchikan,
Kasaan,
Hollis,
Craig,
Thorne Bay,
Coffman Cove,
Meyers Chuck,
Klawock,
Yes Bay Lodge,
Wrangell,
Petersburg James A. Johnson,
Kake,
Sitka Rocky Gutierrez,
Angoon,
Funter Bay,
Tenakee,
Hawk Inlet,
Hoonah,
Juneau International,
Pelican,
Elfin Cove,
Excursion Inlet,
Gustavus,
Haines,
Skagway,
Yakutat,
Icy Bay,
Alitak,
Akhiok,
San Juan/Uganik Bay,
Old Harbor,
Larsen Bay,
Trident Basin,
Kodiak,
Ouzinkie,
Port Lions,
Merle K. (Mudhole) Smith,
Sand Point,
Ivanof Bay,
Perryville,
Chignik Fisheries,
Chignik Lake,
Chignik,
Karluk,
Port Graham,
Seldovia,
English Bay,
Homer,
Seward,
Girdwood,
Valdez,
Chitina,
Gulkana,
Tetlin,
King Cove,
Cold Bay,
False Pass,
Port Heiden,
Pilot Point,
Egegik,
Lake Brooks,
Levelock,
King Salmon,
South Naknek Nr 2,
Tibbetts,
Kulik Lake,
Kokhanok,
Pedro Bay,
Igiugig,
Nondalton,
Port Alsworth,
Soldotna,
Kenai Municipal,
Tyonek,
Trading Bay Production,
Beluga,
Merrill Field,
Lake Hood,
Elmendorf Air Force Base,
Palmer Municipal,
Willow,
Skelton,
Tok,
Eagle,
Akutan,
Unalaska,
Ekuk,
Clarks Point,
Manokotak,
Ekwok,
Dillingham,
Koliganek,
Skwentna,
Talkeetna,
McKinley National Park,
Platinum,
Goodnews,
Twin Hills,
Togiak,
Stony River 2,
Sleetmute,
Nikolai,
Kantishna,
Minchumina,
Healy River,
Eielson Air Force Base,
Wainwright Army Air Field,
Fairbanks International,
Circle City,
Chalkyitsik,
Atka,
Quinhagak,
Eek,
Kongiganak,
Kwigillingok,
Tuntutuliak,
Akiak,
Kwethluk,
Tuluksak,
Napaskiak,
Akiachak,
Napakiak,
Bethel,
Aniak,
Kalskag,
Red Devil,
Crooked Creek,
McGrath,
Ralph M. Calhoun Memorial,
Minto,
Rampart,
Stevens Village,
Beaver,
Birch Creek,
Fort Yukon,
Venetie,
Adak Naval Air Facility,
Saint George,
Saint Paul Island,
Newtok,
Kipnuk,
Chefornak,
Nightmute,
Toksook Bay,
Tununak,
Atmautluak,
Nunapitchuk,
Kasigluk,
Russian Mission,
Marshall,
Pilot Station,
Holy Cross,
Shageluk,
Anvik,
Grayling,
Edward G. Pitka Sr.,
Ruby,
Bettles,
New Allakaket,
Prospect Creek,
Coldfoot,
Arctic Village,
Mekoryuk,
Hooper Bay,
Mountain Village,
Chevak,
Scammon Bay,
Saint Mary's,
Sheldon Point,
Saint Michael,
Stebbins,
Unalakleet,
Shaktoolik,
Kaltag,
Nulato,
Huslia,
Hughes,
Anaktuvuk Pass,
Galbraith Lake,
Barter Island LRRS,
Alakanuk,
Emmonak,
Elim,
Golovin,
White Mountain,
Buckland,
Selawik,
Kobuk,
Shungnak,
Ambler,
Deadhorse,
Nome,
Deering,
Bob Baker Memorial,
Robert (Bob) Curtis Memorial,
Ralph Wien Memorial,
Nuiqsut,
Savoonga,
Teller,
Brevig Mission,
Shishmaref,
Wales,
Noatak,
Red Dog,
Atqasuk Edward Burnell Sr. Memorial,
Gambell,
Point Hope,
Point Lay LRRS,
Wainwright,
Wiley Post-Will Rogers Memorial,
New Stuyahok,
Ted Stevens Anchorage International,
Iliamna,
Koyukuk,
Wes,
Wes,
